item_code,description,section,image_file,image_present_in_folder,show_on_catalog,show_on_website,linked_group,status
2803035B1063-DQ,Front Bumper L/H Assembly,Front Bumper,2803035B1063.png,YES,Y,Y,FAW TRUCKS,DONE
2803040B1063-DQ,Front Bumper R/H Assembly,Front Bumper,2803040B1063.png,YES,Y,Y,FAW TRUCKS,DONE
2803645B1063,Front Bumper L/H Bracket Assembly,Front Bumper,2803645B1063.png,YES,Y,Y,FAW TRUCKS,DONE
2803650B1063,Front Bumper R/H Bracket Assembly,Front Bumper,2803650B1063.png,YES,Y,Y,FAW TRUCKS,DONE
2803031B1063-G,Front Bumper L/H Decorative Panel,Front Bumper,2803031B1063.png,YES,Y,Y,FAW TRUCKS,DONE
2803032B1063-G,Front Bumper R/H Decorative Panel,Front Bumper,2803032B1063.png,YES,Y,Y,FAW TRUCKS,DONE
2803721B1063-G,Front Bumper L/H Spoiler,Front Bumper,2803721B1063.png,YES,Y,Y,FAW TRUCKS,DONE
2803722B1063-G,Front Bumper R/H Spoiler,Front Bumper,2803722B1063.png,YES,Y,Y,FAW TRUCKS,DONE
2803010B1063-DQ,Front Bumper Centre Assembly,Front Bumper,2803010B1063.png,YES,Y,Y,FAW TRUCKS,DONE
2803731B1063-G,Front Bumper Centre Spoiler,Front Bumper,2803731B1063.png,YES,Y,Y,FAW TRUCKS,PENDING
2803821B1063,Front Bumper Centre Mesh Screen,Front Bumper,2803821B1063.png,YES,Y,Y,FAW TRUCKS,PENDING
2803831B1063,Front Bumper Upper Mesh Screen,Front Bumper,2803831B1063.png,YES,Y,Y,FAW TRUCKS,PENDING
2803091B1063-G,Front Bumper Lower Tow Hook Cover,Front Bumper,2803091B1063.png,YES,Y,Y,FAW TRUCKS,PENDING
2803761B1063,Spoiler L/H Connecting Bracket,Front Bumper,2803761B1063.png,YES,Y,Y,FAW TRUCKS,PENDING
2803762B1063,Spoiler R/H Connecting Bracket,Front Bumper,2803762B1063.png,YES,Y,Y,FAW TRUCKS,PENDING
2803763B1063,Spoiler Centre Connecting Bracket,Front Bumper,2803763B1063.png,YES,Y,Y,FAW TRUCKS,PENDING
2803015B1063-G,Front Bumper Intake Grille Assembly,Front Bumper,2803015B1063.png,YES,Y,Y,FAW TRUCKS,PENDING
2803018B1063,Front Bumper Bug Shield,Front Bumper,2803018B1063.png,YES,Y,Y,FAW TRUCKS,PENDING
2803052B1063,Front Bumper Primary Step,Front Bumper,2803052B1063.png,YES,Y,Y,FAW TRUCKS,PENDING
2803381B1063,Front Bumper Centre Lower L/H Decorative Panel,Front Bumper,2803381B1063.png,YES,Y,Y,FAW TRUCKS,PENDING
2803382B1063,Front Bumper Centre Lower R/H Decorative Panel,Front Bumper,2803382B1063.png,YES,Y,Y,FAW TRUCKS,PENDING
2801070-1063,Front Crossmember Assembly,Chassis,2801070-1063.png,YES,Y,Y,FAW TRUCKS,PENDING
2801090-1066,Front Spring Front Bracket Crossmember Welding Assembly,Chassis,2801090-1066.png,YES,Y,Y,FAW TRUCKS,PENDING
3711015-1544,Front Combination Lamp L/H Assembly,Lighting,3711015-1063.png,YES,Y,Y,FAW TRUCKS,PENDING
3711020-1544,Front Combination Lamp R/H Assembly,Lighting,3711020-1063.png,YES,Y,Y,FAW TRUCKS,PENDING
3732015-1063-C00,Front Fog Lamp L/H Assembly,Lighting,3732015-1063.png,YES,Y,Y,FAW TRUCKS,PENDING
3732020-1063-C00,Front Fog Lamp R/H Assembly,Lighting,3732020-1063.png,YES,Y,Y,FAW TRUCKS,PENDING
5004055-79H-C00,Cab Hydraulic Lock Assembly L/H,Cab Suspension,5004055-1063-C00.png,YES,Y,Y,FAW TRUCKS,PENDING
5001315B1063-C00,Rear Suspension Air Spring & Shock Absorber Assembly L/H,Cab Suspension,5001315A1063-C00.png,YES,Y,Y,FAW TRUCKS,PENDING
5001315-1063A-C00,Rear Suspension Air Spring & Shock Absorber Assembly R/H,Cab Suspension,5001315A1063-C00-i31.png,YES,Y,Y,FAW TRUCKS,PENDING
5001010CB45,Cab Front Suspension Assembly,Cab Suspension,5001010-B45.png,YES,Y,Y,FAW TRUCKS,PENDING
5103121-H02-G,Front Fender L/H,Fender,5103121-B45.png,YES,Y,Y,FAW TRUCKS,PENDING
5103122-B45-G,Front Fender R/H,Fender,5103122-B45.png,YES,Y,Y,FAW TRUCKS,PENDING
5103181-B45,Second Step,Fender,5103181-B45.png,YES,Y,Y,FAW TRUCKS,PENDING
5103191-B45,Third Step,Fender,5103191-B45.png,YES,Y,Y,FAW TRUCKS,PENDING
5103135-B45,Front Fender Support Bracket Assembly,Fender,5103135-B45.png,YES,Y,Y,FAW TRUCKS,PENDING
5103131-B45-G,Rear Fender L/H,Fender,5103125-B45.png,YES,Y,Y,FAW TRUCKS,PENDING
5103132-B45-G,Rear Fender R/H,Fender,5103130-B45.png,YES,Y,Y,FAW TRUCKS,PENDING
5103161-H02,Front Wheel Upper Splash Shield L/H,Fender,5103161-B45.png,YES,Y,Y,FAW TRUCKS,PENDING
5103162AB83,Front Wheel Upper Splash Shield R/H,Fender,5103162AB83.png,YES,Y,Y,FAW TRUCKS,PENDING
5103211-B45,Upper Splash Shield Small Door,Fender,5103211-B45.png,YES,Y,Y,FAW TRUCKS,PENDING
5103611-1063,L/H Engine Side Shield,Fender,5103611-1063.png,YES,Y,Y,FAW TRUCKS,PENDING
5103612-1600,R/H Engine Side Shield,Fender,5103612-1600.png,YES,Y,Y,FAW TRUCKS,PENDING
5109111-H02,L/H Door Sill Scuff Plate,Fender,5109111-H02.png,YES,Y,Y,FAW TRUCKS,PENDING
5109112-B45,R/H Door Sill Scuff Plate,Fender,5109112-B45.png,YES,Y,Y,FAW TRUCKS,PENDING
5407025-B45,Side Toolbox Cover Assembly L/H,Side Toolbox,5407015-B45.png,YES,Y,Y,FAW TRUCKS,PENDING
5407086-B45-C00,Side Toolbox Sealing Strip L/H,Side Toolbox,5407086-B45-C00.png,YES,Y,Y,FAW TRUCKS,PENDING
5302715-H02,Front Pillar Guard Assembly L/H,Cab Interior,5302715-B45.png,YES,Y,Y,FAW TRUCKS,PENDING
5302720-H02,Front Pillar Guard Assembly R/H,Cab Interior,5302720-B45.png,YES,Y,Y,FAW TRUCKS,PENDING
5302841-B45-G,Front Pillar L/H Lower Hinge Guard,Cab Interior,5302841-B45.png,YES,Y,Y,FAW TRUCKS,PENDING
5302842-B45-G,Front Pillar R/H Lower Hinge Guard,Cab Interior,5302842-B45.png,YES,Y,Y,FAW TRUCKS,PENDING
5302125-B90,L/H Handrail Assembly,Cab Interior,5302135-B45.png,YES,Y,Y,FAW TRUCKS,PENDING
5302130-B90,R/H Handrail Assembly,Cab Interior,5302140-B45.png,YES,Y,Y,FAW TRUCKS,PENDING
5302171-B45,L/H Handrail Cover A,Cab Interior,5302171-B45.png,YES,Y,Y,FAW TRUCKS,PENDING
5302172-B45,R/H Handrail Cover A,Cab Interior,5302172-B45.png,YES,Y,Y,FAW TRUCKS,PENDING
5302350-H02,Windshield Lower Trim Panel Assembly,Cab Interior,5302350-B45.png,YES,Y,Y,FAW TRUCKS,PENDING
5302021-B45-G,Front Wall Outer Panel Assembly,Front Wall,5302010-B45.png,YES,Y,Y,FAW TRUCKS,PENDING
5302410-B45-C00,Gas Spring Assembly — Front Wall,Front Wall,5302410-B45-C00.png,YES,Y,Y,FAW TRUCKS,PENDING
5302530-A05,Release Handle Assembly,Front Wall,5302530-A01.png,YES,Y,Y,FAW TRUCKS,PENDING
5302300-H02,Gas Spring Lower Mount Bracket Link Assembly,Front Wall,5302300-B45.png,YES,Y,Y,FAW TRUCKS,PENDING
5302311-B45,Gas Spring Lower Mount Bracket Link Base,Front Wall,5302311-B45.png,YES,Y,Y,FAW TRUCKS,PENDING
5302415-B45,L/H Handrail Bracket Assembly,Front Wall,5302415-B45.png,YES,Y,Y,FAW TRUCKS,PENDING
5302420-B45,R/H Handrail Bracket Assembly,Front Wall,5302420-B45.png,YES,Y,Y,FAW TRUCKS,PENDING
5302500-H02-C00,Front Wall Lock Strap Cable Assembly,Front Wall,5302500-B45-C00.png,YES,Y,Y,FAW TRUCKS,PENDING
5300010-H02-DQ,Front Wall Welding Assembly,Front Wall,5300010-B45.png,YES,Y,Y,FAW TRUCKS,PENDING
5302051-B45,Front Wall Bug Screen A,Front Wall,5302051-B45.png,YES,Y,Y,FAW TRUCKS,PENDING
5302053-B45,Front Wall Bug Screen B,Front Wall,5302053-B45.png,YES,Y,Y,FAW TRUCKS,PENDING
5302056-B45,Front Wall Bug Screen C,Front Wall,5302056-B45.png,YES,Y,Y,FAW TRUCKS,PENDING
5302071-B45-G,Radiator Grille,Front Wall,5302071-B45.png,YES,Y,Y,FAW TRUCKS,PENDING
5302155-B45,L/H Front Wall Outer Panel Hinge Assembly,Front Wall,5302155-B45.png,YES,Y,Y,FAW TRUCKS,PENDING
5302160-B45,R/H Front Wall Outer Panel Hinge Assembly,Front Wall,5302160-B45.png,YES,Y,Y,FAW TRUCKS,PENDING
5302221-A01,Gas Spring Fixing Base — Front Wall,Front Wall,5302221-A01.png,YES,Y,Y,FAW TRUCKS,PENDING
5302591-B45,Buffer Block A — Front Wall,Front Wall,5302591-B45.png,YES,Y,Y,FAW TRUCKS,PENDING
5302621-B45-G,L/H Deflector,Front Wall,5302621-B45.png,YES,Y,Y,FAW TRUCKS,PENDING
5302622-B45-G,R/H Deflector,Front Wall,5302622-B45.png,YES,Y,Y,FAW TRUCKS,PENDING
5302801-B45,Front Emblem,Front Wall,5302801-B45.png,YES,Y,Y,FAW TRUCKS,PENDING
6100005-H02,Front Door Assembly L/H,Front Door,6100015-B83.png,YES,Y,Y,FAW TRUCKS,PENDING
6100010-H02,Front Door Assembly R/H,Front Door,6100020-B83.png,YES,Y,Y,FAW TRUCKS,PENDING
6100032-B45,Front Door Rear Frame Trim Cover R/H,Front Door,6100032-B45.png,YES,Y,Y,FAW TRUCKS,PENDING
6101585-B83,Front Door Lower Trim Panel Assembly L/H,Front Door,6101585-B83.png,YES,Y,Y,FAW TRUCKS,PENDING
6101590-B83,Front Door Lower Trim Panel Assembly R/H,Front Door,6101590-B83.png,YES,Y,Y,FAW TRUCKS,PENDING
6102151-B45-C00,Front Door Window Frame Upper Protective Panel L/H,Front Door,6102151-B45-C00.png,YES,Y,Y,FAW TRUCKS,PENDING
6102152-B45-C00,Front Door Window Frame Upper Protective Panel R/H,Front Door,6102152-B45-C00.png,YES,Y,Y,FAW TRUCKS,PENDING
6102015-H02-C00,Front Door Interior Trim Panel Assembly L/H,Front Door,6102015-H02-C00.png,YES,Y,Y,FAW TRUCKS,PENDING
6102020-H02-C00,Front Door Interior Trim Panel Assembly R/H,Front Door,6102020-H02-C00.png,YES,Y,Y,FAW TRUCKS,PENDING
6104015AB45-C00,Front Door Electric Window Lift Module Assembly L/H,Front Door,6104015AB45-C00.png,YES,Y,Y,FAW TRUCKS,PENDING
6104020AB45-C00,Front Door Electric Window Lift Module Assembly R/H,Front Door,6104020AB45-C00.png,YES,Y,Y,FAW TRUCKS,PENDING
6105025AB45-C00,Front Door Electric Lock Assembly L/H,Front Door,6105025AB45-C00.png,YES,Y,Y,FAW TRUCKS,PENDING
6105030AB45-C00,Front Door Electric Lock Assembly R/H,Front Door,6105030AB45-C00.png,YES,Y,Y,FAW TRUCKS,PENDING
6105045-B45-C00,Front Door Handle Assembly L/H,Front Door,6105045-B45-C00.png,YES,Y,Y,FAW TRUCKS,PENDING
6105050-B45-C00,Front Door Handle Assembly R/H,Front Door,6105050-B45-C00.png,YES,Y,Y,FAW TRUCKS,PENDING
6106015-B45-C00,Front Door Upper Hinge Assembly L/H,Front Door,6106015-B45-C00.png,YES,Y,Y,FAW TRUCKS,PENDING
6106020-B45-C00,Front Door Upper Hinge Assembly R/H,Front Door,6106020-B45-C00.png,YES,Y,Y,FAW TRUCKS,PENDING
6106055-B45-C00,Front Door Lower Hinge Assembly L/H,Front Door,6106055-B45-C00.png,YES,Y,Y,FAW TRUCKS,PENDING
6106060-B45-C00,Front Door Lower Hinge Assembly R/H,Front Door,6106060-B45-C00.png,YES,Y,Y,FAW TRUCKS,PENDING
6109015-B45-C00,Front Door Limiter Assembly L/H,Front Door,6109015-B45-C00.png,YES,Y,Y,FAW TRUCKS,PENDING
8202015-H02-C00,Outer Rearview Mirror Assembly L/H — Electric,Mirror,8202015CB45-C00.png,YES,Y,Y,FAW TRUCKS,PENDING
8202020-H02-C00,Outer Rearview Mirror Assembly R/H — Electric,Mirror,8202020CB45-C00.png,YES,Y,Y,FAW TRUCKS,PENDING
8202062-B45-C00-G,Outer Rearview Mirror R/H Lower Fixed Base Cover,Mirror,8202062-B45-C00.png,YES,Y,Y,FAW TRUCKS,PENDING
8219010-H02-C00,Top View Mirror Assembly,Mirror,8219010-B45-C00.png,YES,Y,Y,FAW TRUCKS,PENDING
8219020AH02-C00,Front Lower View Mirror Assembly,Mirror,8219020AB45-C00.png,YES,Y,Y,FAW TRUCKS,PENDING
5103031-1063,Primary Step,Steps & Trim,5103031-1063.png,YES,Y,Y,FAW TRUCKS,PENDING
5103021-1544-G,Step Decorative Cover L/H,Steps & Trim,5103021-1063.png,YES,Y,Y,FAW TRUCKS,PENDING
5103010-1544,Front Lower Protection & Step Bracket Assembly,Steps & Trim,5103010-1544.png,YES,Y,Y,FAW TRUCKS,PENDING
5103022-1544-G,Step Decorative Cover R/H,Steps & Trim,5103022-1063.png,YES,Y,Y,FAW TRUCKS,PENDING
5103061-1063,Step Decorative Cover Small Door Limit Clip,Steps & Trim,5103061-1063.png,YES,Y,Y,FAW TRUCKS,PENDING
5103052-1063-G,Step Decorative Cover Small Door,Steps & Trim,5103052-1063.png,YES,Y,Y,FAW TRUCKS,PENDING
5103053-1063,Step Decorative Cover Small Door Fixing Bracket,Steps & Trim,5103053-1063.png,YES,Y,Y,FAW TRUCKS,PENDING
5103361A1600,Rear Mudguard L/H,Mudguard,5103361-1063.png,YES,Y,Y,FAW TRUCKS,PENDING
5103362A1600,Rear Mudguard R/H,Mudguard,5103362-1600.png,YES,Y,Y,FAW TRUCKS,PENDING
5103385-1600,Rear Mudguard Bracket Assembly,Mudguard,5103385-1600.png,YES,Y,Y,FAW TRUCKS,PENDING
5103373-1546,L/H Rear Mudguard Bracket Fixing Seat,Mudguard,5103373-1546.png,YES,Y,Y,FAW TRUCKS,PENDING
5103374-1546,R/H Rear Mudguard Bracket Fixing Seat,Mudguard,5103374-1546.png,YES,Y,Y,FAW TRUCKS,PENDING
5103510-1600,Front Wheel Rear Mudguard Fixing Bracket Assembly,Mudguard,5103510-1600.png,YES,Y,Y,FAW TRUCKS,PENDING
5103511-1509,Rear Mudguard Fixing Bracket,Mudguard,5103510-1509.png,YES,Y,Y,FAW TRUCKS,PENDING
5205010-H02-C00,Windscreen Wiper Assembly,Wiper,5205010-B45-C00.png,YES,Y,Y,FAW TRUCKS,PENDING
5207010-H02-C00,Windscreen Washer Assembly,Wiper,5207010-H02-C00.png,YES,Y,Y,FAW TRUCKS,PENDING
5201010-B45,Windshield Upper Crossbeam Assembly,Cab Body,5201010-B45.png,YES,Y,Y,FAW TRUCKS,PENDING
5600010-B45,Rear Panel Assembly,Cab Body,5600010-B45.png,YES,Y,Y,FAW TRUCKS,PENDING
5700010-B45,Top Cover Welding Assembly,Cab Body,5700010-B45.png,YES,Y,Y,FAW TRUCKS,PENDING
5400015-H02,L/H Side Outer Panel Assembly,Cab Body,5400015-H02.png,YES,Y,Y,FAW TRUCKS,PENDING
5400020-H02,R/H Side Outer Panel Assembly,Cab Body,5400020-H02.png,YES,Y,Y,FAW TRUCKS,PENDING
5401085-H02,L/H Side Inner Panel Assembly,Cab Body,5401085-H02.png,YES,Y,Y,FAW TRUCKS,PENDING
5401090-H02,R/H Side Inner Panel Assembly,Cab Body,5401090-H02.png,YES,Y,Y,FAW TRUCKS,PENDING
5704011-B45,Roof Sun Visor,Roof Deflector,5704011-B45.png,YES,Y,Y,FAW TRUCKS,PENDING
5704031-B45,Roof Sun Visor Bracket 2,Roof Deflector,5704031-B45.png,YES,Y,Y,FAW TRUCKS,PENDING
5704081-B45,Roof Trim Strip L/H,Roof Deflector,5704081-B45.png,YES,Y,Y,FAW TRUCKS,PENDING
5704082-B45,Roof Trim Strip R/H,Roof Deflector,5704082-B45.png,YES,Y,Y,FAW TRUCKS,PENDING
5704111CB45-G,Roof Deflector Assembly,Roof Deflector,5704111CB45.png,YES,Y,Y,FAW TRUCKS,PENDING
5704116CB45,Roof Deflector Adjustment Bracket,Roof Deflector,5704116CB45.png,YES,Y,Y,FAW TRUCKS,PENDING
5704130CB45,Deflector Front Hinge Assembly,Roof Deflector,5704130CB45.png,YES,Y,Y,FAW TRUCKS,PENDING
5704145CB45,Roof Deflector L/H Adjustment Support Assembly,Roof Deflector,5704145CB45.png,YES,Y,Y,FAW TRUCKS,PENDING
5704150CB45,Roof Deflector R/H Adjustment Support Assembly,Roof Deflector,5704150CB45.png,YES,Y,Y,FAW TRUCKS,PENDING
5704175CB45,Roof Deflector L/H Support Tube Assembly,Roof Deflector,5704175CB45.png,YES,Y,Y,FAW TRUCKS,PENDING
5704180CB45,Roof Deflector R/H Support Tube Assembly,Roof Deflector,5704180CB45.png,YES,Y,Y,FAW TRUCKS,PENDING
5704190-H40,R/H Lower Deflector Bracket Welding Assembly,Roof Deflector,5704190-H40.png,YES,Y,Y,FAW TRUCKS,PENDING
5704211CB45-G,Upper Deflector L/H,Roof Deflector,5704211CB45.png,YES,Y,Y,FAW TRUCKS,PENDING
5704212CB45-G,Upper Deflector R/H,Roof Deflector,5704212CB45.png,YES,Y,Y,FAW TRUCKS,PENDING
5704221CB45-G,Lower Deflector L/H,Roof Deflector,5704221CB45.png,YES,Y,Y,FAW TRUCKS,PENDING
5704222CB45-G,Lower Deflector R/H,Roof Deflector,5704222CB45.png,YES,Y,Y,FAW TRUCKS,PENDING
5704232-H40,Upper Deflector Bracket R/H,Roof Deflector,5704232-H40.png,YES,Y,Y,FAW TRUCKS,PENDING
5704262-H40,Lower Deflector Lower Bracket R/H,Roof Deflector,5704262-H40.png,YES,Y,Y,FAW TRUCKS,PENDING
5704281DB45,Lower Reinforcement Tube L/H,Roof Deflector,5704281DB45.png,YES,Y,Y,FAW TRUCKS,PENDING
5704282-H40,R/H Deflector Support Tube,Roof Deflector,5704282-H40.png,YES,Y,Y,FAW TRUCKS,PENDING
5704283CB45,Reinforcement Tube Fixing Bracket,Roof Deflector,5704283CB45.png,YES,Y,Y,FAW TRUCKS,DONE
8105010-1600-C00,Condenser Assembly,Air Conditioning,8105010-1600-C00.png,YES,Y,Y,FAW TRUCKS,PENDING
