Image File,Drawing Key,Parts Covered (#),Part Names
Drw_212.png,Drw_212,"22, 23",Front Crossmember Assembly | Front Spring Front Bracket Crossmember Welding Assembly
Drw_216.png,Drw_216,"1, 2, 3, 4, 5, 6, 7, 8, 9, 10, 11, 12, 13, 14, 15, 16",Front Bumper L/H Assembly | Front Bumper R/H Assembly | Front Bumper L/H Bracket Assembly | Front Bumper R/H Bracket Assembly | Front Bumper L/H Decorative Panel ... (+11 more)
Drw_217.png,Drw_217,"17, 18, 19, 20, 21",Front Bumper Intake Grille Assembly | Front Bumper Bug Shield | Front Bumper Primary Step | Front Bumper Centre Lower L/H Decorative Panel | Front Bumper Centre Lower R/H Decorative Panel
Drw_267.png,Drw_267,"24, 25",Front Combination Lamp L/H Assembly | Front Combination Lamp R/H Assembly
Drw_276.png,Drw_276,"26, 27",Front Fog Lamp L/H Assembly | Front Fog Lamp R/H Assembly
Drw_298.png,Drw_298,"28, 29, 30, 31",Cab Hydraulic Lock Assembly L/H | Cab Hydraulic Lock Assembly R/H | Rear Suspension Air Spring & Shock Absorber Assembly L/H | Rear Suspension Air Spring & Shock Absorber Assembly R/H
Drw_305.png,Drw_305,125,Cab Weld Assembly
Drw_306.png,Drw_306,—,Extra (no parts assigned)
Drw_307.png,Drw_307,126,Front Wall Welding Assembly — Inner Board
Drw_308.png,Drw_308,32,Cab Front Suspension Assembly
Drw_314.png,Drw_314,"33, 34, 35, 36, 37, 38, 39, 40, 41, 42, 43, 44",Front Fender L/H | Front Fender R/H | Second Step | Third Step | Front Fender Support Bracket Assembly ... (+7 more)
Drw_319.png,Drw_319,"123, 127",Windscreen Wiper Assembly | Windshield Upper Crossbeam Assembly
Drw_322.png,Drw_322,124,Windscreen Washer Assembly
Drw_325.png,Drw_325,"47, 48, 49, 50",Side Toolbox Cover Assembly L/H | Side Toolbox Cover Assembly R/H | Side Toolbox Sealing Strip L/H | Side Toolbox Sealing Strip R/H
Drw_331.png,Drw_331,"63, 64, 65, 66, 67",Gas Spring Lower Mount Bracket Link Assembly | Gas Spring Lower Mount Bracket Link Base | L/H Handrail Bracket Assembly | R/H Handrail Bracket Assembly | Front Wall Lock Strap Cable Assembly
Drw_332.png,Drw_332,"51, 52, 53, 54, 55, 56, 57, 58, 59",Front Pillar Guard Assembly L/H | Front Pillar Guard Assembly R/H | Front Pillar L/H Lower Hinge Guard | Front Pillar R/H Lower Hinge Guard | L/H Handrail Assembly ... (+4 more)
Drw_333.png,Drw_333,"60, 61, 62",Front Wall Outer Panel Assembly | Gas Spring Assembly — Front Wall | Release Handle Assembly
Drw_339.png,Drw_339,128,Floor Assembly
Drw_368.png,Drw_368,129,Rear Panel Assembly
Drw_373.png,Drw_373,130,Top Cover Welding Assembly
Drw_374.png,Drw_374,"80, 81, 82, 83, 84, 85, 86, 87",Front Door Assembly L/H | Front Door Assembly R/H | Front Door Rear Frame Trim Cover L/H | Front Door Rear Frame Trim Cover R/H | Front Door Lower Trim Panel Assembly L/H ... (+3 more)
Drw_375.png,Drw_375,"88, 89, 90, 91",Front Door Interior Trim Panel Assembly L/H | Front Door Interior Trim Panel Assembly R/H | Front Door Electric Window Lift Module Assembly L/H | Front Door Electric Window Lift Module Assembly R/H
Drw_378.png,Drw_378,"92, 93, 94, 95",Front Door Electric Lock Assembly L/H | Front Door Electric Lock Assembly R/H | Front Door Handle Assembly L/H | Front Door Handle Assembly R/H
Drw_379.png,Drw_379,"96, 97, 98, 99",Front Door Upper Hinge Assembly L/H | Front Door Upper Hinge Assembly R/H | Front Door Lower Hinge Assembly L/H | Front Door Lower Hinge Assembly R/H
Drw_381.png,Drw_381,"100, 101",Front Door Limiter Assembly L/H | Front Door Limiter Assembly R/H
Drw_383.png,Drw_383,"45, 46",L/H Door Sill Scuff Plate | R/H Door Sill Scuff Plate
Drw_392.png,Drw_392,"131, 132, 133, 134",L/H Side Outer Panel Assembly | R/H Side Outer Panel Assembly | L/H Side Inner Panel Assembly | R/H Side Inner Panel Assembly
Drw_394.png,Drw_394,"102, 103, 104, 105",Outer Rearview Mirror Assembly L/H — Electric | Outer Rearview Mirror Assembly R/H — Electric | Outer Rearview Mirror L/H Lower Fixed Base Cover | Outer Rearview Mirror R/H Lower Fixed Base Cover
Drw_396.png,Drw_396,"106, 107",Top View Mirror Assembly | Front Lower View Mirror Assembly
Drw_397.png,Drw_397,"108, 109, 110",Primary Step | Step Decorative Cover L/H | Front Lower Protection & Step Bracket Assembly
Drw_398.png,Drw_398,"111, 112, 113, 114, 115",Step Decorative Cover R/H | Primary Step R/H | Step Decorative Cover Small Door Limit Clip | Step Decorative Cover Small Door | Step Decorative Cover Small Door Fixing Bracket
Drw_400.png,Drw_400,"116, 117, 118, 119, 120, 121, 122",Rear Mudguard L/H | Rear Mudguard R/H | Rear Mudguard Bracket Assembly | L/H Rear Mudguard Bracket Fixing Seat | R/H Rear Mudguard Bracket Fixing Seat ... (+2 more)
Drw_867.png,Drw_867,161,Condenser Assembly
Section_FrontWall.png,Section_FrontWall,"68, 69, 70, 71, 72, 73, 74, 75, 76, 77, 78, 79",Front Wall Welding Assembly | Front Wall Bug Screen A | Front Wall Bug Screen B | Front Wall Bug Screen C | Radiator Grille ... (+7 more)
Section_RoofDeflector.png,Section_RoofDeflector,"135, 136, 137, 138, 139, 140, 141, 142, 143, 144, 145, 146, 147, 148, 149, 150, 151, 152, 153, 154, 155, 156, 157, 158, 159, 160",Roof Sun Visor | Roof Sun Visor Bracket 1 | Roof Sun Visor Bracket 2 | Roof Trim Strip L/H | Roof Trim Strip R/H ... (+21 more)
